{
  "date": "",
  "sections": [
    {
      "type": "responsive-banner",
      "img": "/img/uploads/banner2.png"
    }
  ],
  "title": "Grupos no Telegram",
  "body": "<div class=\"item header margin-top-0 padding-bottom-0\" id=\"header3\">\n    \n    \t\t<p><iframe frameborder=\"0\" height=\"1500px\" scrolling=\"no\" src=\"https://centralsos.com.br\" width=\"100%\"></iframe></p><div class=\"frameCover\" data-type=\"video\" data-selector=\".frameCover\" style=\"outline: none;\"></div><p></p><p></p><p></p><p></p><p></p><p></p><p></p><p></p>\n\n```\n\n```"
}