{
  "marketing_stripe": {
    "text": "Criar Grupo",
    "link": "/promotion",
    "background": "#c60d0d",
    "color": "#ffffff"
  },
  "contacts_stripe": {
    "pages": [
      {
        "title": "Sobre nós",
        "link": "/pages/sobre-nos"
      },
      {
        "title": "Instalar APP",
        "link": "/posts/instalar-app"
      }
    ],
    "phone_wpp": true,
    "socials": false
  },
  "categories_list": {
    "featured": [],
    "random": 6,
    "full_width": false
  },
  "search_input": true,
  "desktop_megamenu": false
}