{
  "meta_title": "",
  "meta_description": "",
  "sections": [
    {
      "type": "responsive-banner",
      "img": "/img/uploads/rect89.webp"
    },
    {
      "type": "info-bar",
      "enabled": true
    },
    {
      "type": "collection-shelf",
      "shuffle": true,
      "collection_id": null,
      "limit": 12,
      "page": 1
    },
    {
      "type": "page-title",
      "title": "Loja demo da E-Com Plus",
      "description": "Loja de demonstração e testes da plataforma E-Com Plus e Storefront. Todos os produtos, preços e informações são meramente ilustrativos."
    }
  ]
}